{
    "name": "root",
    "gauges": {
        "TowerAgent.Policy.Entropy.mean": {
            "value": 1.4261609315872192,
            "min": 1.4193644523620605,
            "max": 1.4261609315872192,
            "count": 10
        },
        "TowerAgent.Policy.Entropy.sum": {
            "value": 1373.3929443359375,
            "min": 1342.728759765625,
            "max": 1508.102294921875,
            "count": 10
        },
        "TowerAgent.Environment.EpisodeLength.mean": {
            "value": 20.4,
            "min": 13.93939393939394,
            "max": 20.4,
            "count": 10
        },
        "TowerAgent.Environment.EpisodeLength.sum": {
            "value": 918.0,
            "min": 882.0,
            "max": 998.0,
            "count": 10
        },
        "TowerAgent.Step.mean": {
            "value": 9997.0,
            "min": 995.0,
            "max": 9997.0,
            "count": 10
        },
        "TowerAgent.Step.sum": {
            "value": 9997.0,
            "min": 995.0,
            "max": 9997.0,
            "count": 10
        },
        "TowerAgent.Policy.ExtrinsicValueEstimate.mean": {
            "value": -0.4195427894592285,
            "min": -0.4384784698486328,
            "max": -0.08624935895204544,
            "count": 10
        },
        "TowerAgent.Policy.ExtrinsicValueEstimate.sum": {
            "value": -18.879425048828125,
            "min": -22.45932388305664,
            "max": -4.053719997406006,
            "count": 10
        },
        "TowerAgent.Environment.CumulativeReward.mean": {
            "value": -387.3333333333333,
            "min": -1118.4,
            "max": -224.24242424242425,
            "count": 10
        },
        "TowerAgent.Environment.CumulativeReward.sum": {
            "value": -17430.0,
            "min": -55920.0,
            "max": -14800.0,
            "count": 10
        },
        "TowerAgent.Policy.ExtrinsicReward.mean": {
            "value": -387.3333333333333,
            "min": -1118.4,
            "max": -224.24242424242425,
            "count": 10
        },
        "TowerAgent.Policy.ExtrinsicReward.sum": {
            "value": -17430.0,
            "min": -55920.0,
            "max": -14800.0,
            "count": 10
        },
        "TowerAgent.Losses.PolicyLoss.mean": {
            "value": 0.08381693759001792,
            "min": 0.05393535907690724,
            "max": 0.11961079202592373,
            "count": 10
        },
        "TowerAgent.Losses.PolicyLoss.sum": {
            "value": 0.33526775036007167,
            "min": 0.1618060772307217,
            "max": 0.4784431681036949,
            "count": 10
        },
        "TowerAgent.Losses.ValueLoss.mean": {
            "value": 13454.917199707032,
            "min": 11008.783447265625,
            "max": 2999071.7142333984,
            "count": 10
        },
        "TowerAgent.Losses.ValueLoss.sum": {
            "value": 53819.66879882813,
            "min": 35523.65771484375,
            "max": 11996286.856933594,
            "count": 10
        },
        "TowerAgent.Policy.LearningRate.mean": {
            "value": 1.3620095459999999e-05,
            "min": 1.3620095459999999e-05,
            "max": 0.0002828000057333333,
            "count": 10
        },
        "TowerAgent.Policy.LearningRate.sum": {
            "value": 5.4480381839999994e-05,
            "min": 5.4480381839999994e-05,
            "max": 0.0010150800616399998,
            "count": 10
        },
        "TowerAgent.Policy.Epsilon.mean": {
            "value": 0.10454000000000001,
            "min": 0.10454000000000001,
            "max": 0.19426666666666667,
            "count": 10
        },
        "TowerAgent.Policy.Epsilon.sum": {
            "value": 0.41816000000000003,
            "min": 0.34375,
            "max": 0.7383600000000001,
            "count": 10
        },
        "TowerAgent.Policy.Beta.mean": {
            "value": 0.00010034599999999999,
            "min": 0.00010034599999999999,
            "max": 0.0018859066666666667,
            "count": 10
        },
        "TowerAgent.Policy.Beta.sum": {
            "value": 0.00040138399999999996,
            "min": 0.00040138399999999996,
            "max": 0.006773364,
            "count": 10
        },
        "TowerAgent.IsTraining.mean": {
            "value": 1.0,
            "min": 1.0,
            "max": 1.0,
            "count": 10
        },
        "TowerAgent.IsTraining.sum": {
            "value": 1.0,
            "min": 1.0,
            "max": 1.0,
            "count": 10
        }
    },
    "metadata": {
        "timer_format_version": "0.1.0",
        "start_time_seconds": "1733100514",
        "python_version": "3.8.19 (default, Mar 20 2024, 19:55:45) [MSC v.1916 64 bit (AMD64)]",
        "command_line_arguments": "C:\\Users\\kamei\\miniconda3\\envs\\myenv\\Scripts\\mlagents-learn config/ppo_easy.yaml --run-id=easy14 --torch-device=cuda --no-graphics --env-args=--timeout=600",
        "mlagents_version": "0.30.0",
        "mlagents_envs_version": "0.30.0",
        "communication_protocol_version": "1.5.0",
        "pytorch_version": "2.4.1+cu118",
        "numpy_version": "1.21.2",
        "end_time_seconds": "1733102570"
    },
    "total": 2056.3647694,
    "count": 1,
    "self": 0.005446300000130577,
    "children": {
        "run_training.setup": {
            "total": 0.05993960000000009,
            "count": 1,
            "self": 0.05993960000000009
        },
        "TrainerController.start_learning": {
            "total": 2056.2993835,
            "count": 1,
            "self": 0.15829429998757405,
            "children": {
                "TrainerController._reset_env": {
                    "total": 7.8776744,
                    "count": 1,
                    "self": 7.8776744
                },
                "TrainerController.advance": {
                    "total": 2048.1902546000124,
                    "count": 10559,
                    "self": 0.11828319998858206,
                    "children": {
                        "env_step": {
                            "total": 2043.6355246000012,
                            "count": 10559,
                            "self": 2006.419486200004,
                            "children": {
                                "SubprocessEnvManager._take_step": {
                                    "total": 37.12334779999439,
                                    "count": 10559,
                                    "self": 0.46284859999584427,
                                    "children": {
                                        "TorchPolicy.evaluate": {
                                            "total": 36.66049919999855,
                                            "count": 10009,
                                            "self": 36.66049919999855
                                        }
                                    }
                                },
                                "workers": {
                                    "total": 0.09269060000285734,
                                    "count": 10559,
                                    "self": 0.0,
                                    "children": {
                                        "worker_root": {
                                            "total": 2048.6884367000007,
                                            "count": 10559,
                                            "is_parallel": true,
                                            "self": 48.72302269999909,
                                            "children": {
                                                "steps_from_proto": {
                                                    "total": 0.0001765000000002459,