{
    "name": "root",
    "gauges": {
        "TowerAgent.Policy.Entropy.mean": {
            "value": 1.429956078529358,
            "min": 1.4189385175704956,
            "max": 1.434181809425354,
            "count": 10
        },
        "TowerAgent.Policy.Entropy.sum": {
            "value": 8785.650390625,
            "min": 5831.421875,
            "max": 8811.61328125,
            "count": 10
        },
        "TowerAgent.Step.mean": {
            "value": 49152.0,
            "min": 4096.0,
            "max": 49152.0,
            "count": 10
        },
        "TowerAgent.Step.sum": {
            "value": 49152.0,
            "min": 4096.0,
            "max": 49152.0,
            "count": 10
        },
        "TowerAgent.Policy.ExtrinsicValueEstimate.mean": {
            "value": 22.236791610717773,
            "min": 0.13796547055244446,
            "max": 22.236791610717773,
            "count": 10
        },
        "TowerAgent.Policy.ExtrinsicValueEstimate.sum": {
            "value": 66.71037292480469,
            "min": 0.2759309411048889,
            "max": 66.71037292480469,
            "count": 10
        },
        "TowerAgent.IsTraining.mean": {
            "value": 1.0,
            "min": 1.0,
            "max": 1.0,
            "count": 10
        },
        "TowerAgent.IsTraining.sum": {
            "value": 1.0,
            "min": 1.0,
            "max": 1.0,
            "count": 10
        },
        "TowerAgent.Losses.PolicyLoss.mean": {
            "value": 0.04590626160885828,
            "min": 0.04590626160885828,
            "max": 0.05790068746622031,
            "count": 8
        },
        "TowerAgent.Losses.PolicyLoss.sum": {
            "value": 0.04590626160885828,
            "min": 0.04590626160885828,
            "max": 0.05790068746622031,
            "count": 8
        },
        "TowerAgent.Losses.ValueLoss.mean": {
            "value": 1.8159235355754693,
            "min": 1.0050855353474617,
            "max": 7.734387684613466,
            "count": 8
        },
        "TowerAgent.Losses.ValueLoss.sum": {
            "value": 1.8159235355754693,
            "min": 1.0050855353474617,
            "max": 7.734387684613466,
            "count": 8
        },
        "TowerAgent.Policy.LearningRate.mean": {
            "value": 8.480098303999989e-06,
            "min": 8.480098303999989e-06,
            "max": 0.00043856001228799983,
            "count": 8
        },
        "TowerAgent.Policy.LearningRate.sum": {
            "value": 8.480098303999989e-06,
            "min": 8.480098303999989e-06,
            "max": 0.00043856001228799983,
            "count": 8
        },
        "TowerAgent.Policy.Epsilon.mean": {
            "value": 0.103392,
            "min": 0.103392,
            "max": 0.27542400000000006,
            "count": 8
        },
        "TowerAgent.Policy.Epsilon.sum": {
            "value": 0.103392,
            "min": 0.103392,
            "max": 0.27542400000000006,
            "count": 8
        },
        "TowerAgent.Policy.Beta.mean": {
            "value": 0.00017943039999999974,
            "min": 0.00017943039999999974,
            "max": 0.008772428799999999,
            "count": 8
        },
        "TowerAgent.Policy.Beta.sum": {
            "value": 0.00017943039999999974,
            "min": 0.00017943039999999974,
            "max": 0.008772428799999999,
            "count": 8
        }
    },
    "metadata": {
        "timer_format_version": "0.1.0",
        "start_time_seconds": "1731246373",
        "python_version": "3.8.19 (default, Mar 20 2024, 19:55:45) [MSC v.1916 64 bit (AMD64)]",
        "command_line_arguments": "C:\\Users\\kamei\\miniconda3\\envs\\myenv\\Scripts\\mlagents-learn config/ppo_main.yaml --run-id=sample1 --train --torch-device=cuda",
        "mlagents_version": "0.28.0",
        "mlagents_envs_version": "0.28.0",
        "communication_protocol_version": "1.5.0",
        "pytorch_version": "1.13.1+cu117",
        "numpy_version": "1.21.2",
        "end_time_seconds": "1731247966"
    },
    "total": 1592.7870696,
    "count": 1,
    "self": 0.006677600000102757,
    "children": {
        "run_training.setup": {
            "total": 0.057353600000000116,
            "count": 1,
            "self": 0.057353600000000116
        },
        "TrainerController.start_learning": {
            "total": 1592.7230384,
            "count": 1,
            "self": 0.6397988000037458,
            "children": {
                "TrainerController._reset_env": {
                    "total": 5.9688650999999995,
                    "count": 1,
                    "self": 5.9688650999999995
                },
                "TrainerController.advance": {
                    "total": 1586.0579241999963,
                    "count": 51200,
                    "self": 0.550678799996831,
                    "children": {
                        "env_step": {
                            "total": 1573.9811794999976,
                            "count": 51200,
                            "self": 1481.5743010000324,
                            "children": {
                                "SubprocessEnvManager._take_step": {
                                    "total": 91.98719629996475,
                                    "count": 51200,
                                    "self": 1.9819121999625793,
                                    "children": {
                                        "TorchPolicy.evaluate": {
                                            "total": 90.00528410000217,
                                            "count": 51200,
                                            "self": 61.29069769999674,
                                            "children": {
                                                "TorchPolicy.sample_actions": {
                                                    "total": 28.71458640000543,
                                                    "count": 51200,
                                                    "self": 28.71458640000543
                                                }
                                            }
                                        }
                                    }
                                },
                                "workers": {
                                    "total": 0.4196822000004623,
                                    "count": 51200,
                                    "self": 0.0,
                                    "children": {
                                        "worker_root": {
                                            "total": 1586.9201556000066,
                                            "count": 51200,
                                            "is_parallel": true,
                                            "self": 132.95628990000682,
                                            "children": {
                                                "steps_from_proto": {
                                                    "total": 0.00020670000000055921,
                                                    "count": 1,
                                                    "is_parallel": true,
                                                    "self": 8.020000000108496e-05,
                                                    "children": {
                                                        "_process_rank_one_or_two_observation": {
                                                            "total": 0.00012649999999947426,
                                                            "count": 2,
                                                            "is_parallel": true,