{
    "name": "root",
    "gauges": {
        "TowerAgent.Policy.Entropy.mean": {
            "value": 1.4204561710357666,
            "min": 1.4189382791519165,
            "max": 1.4204561710357666,
            "count": 4
        },
        "TowerAgent.Policy.Entropy.sum": {
            "value": 727.2735595703125,
            "min": 726.4963989257812,
            "max": 727.2735595703125,
            "count": 4
        },
        "TowerAgent.Step.mean": {
            "value": 1984.0,
            "min": 448.0,
            "max": 1984.0,
            "count": 4
        },
        "TowerAgent.Step.sum": {
            "value": 1984.0,
            "min": 448.0,
            "max": 1984.0,
            "count": 4
        },
        "TowerAgent.Policy.ExtrinsicValueEstimate.mean": {
            "value": 0.2856038808822632,
            "min": -0.0792081207036972,
            "max": 0.2856038808822632,
            "count": 4
        },
        "TowerAgent.Policy.ExtrinsicValueEstimate.sum": {
            "value": 2.2848310470581055,
            "min": -0.6336649656295776,
            "max": 2.2848310470581055,
            "count": 4
        },
        "TowerAgent.IsTraining.mean": {
            "value": 1.0,
            "min": 1.0,
            "max": 1.0,
            "count": 4
        },
        "TowerAgent.IsTraining.sum": {
            "value": 1.0,
            "min": 1.0,
            "max": 1.0,
            "count": 4
        },
        "TowerAgent.Losses.PolicyLoss.mean": {
            "value": 0.08568304079566516,
            "min": 0.08568304079566516,
            "max": 0.08568304079566516,
            "count": 1
        },
        "TowerAgent.Losses.PolicyLoss.sum": {
            "value": 0.08568304079566516,
            "min": 0.08568304079566516,
            "max": 0.08568304079566516,
            "count": 1
        },
        "TowerAgent.Losses.ValueLoss.mean": {
            "value": 74.3469055774165,
            "min": 74.3469055774165,
            "max": 74.3469055774165,
            "count": 1
        },
        "TowerAgent.Losses.ValueLoss.sum": {
            "value": 74.3469055774165,
            "min": 74.3469055774165,
            "max": 74.3469055774165,
            "count": 1
        },
        "TowerAgent.Policy.LearningRate.mean": {
            "value": 0.00013680005439999996,
            "min": 0.00013680005439999996,
            "max": 0.00013680005439999996,
            "count": 1
        },
        "TowerAgent.Policy.LearningRate.sum": {
            "value": 0.00013680005439999996,
            "min": 0.00013680005439999996,
            "max": 0.00013680005439999996,
            "count": 1
        },
        "TowerAgent.Policy.Epsilon.mean": {
            "value": 0.14559999999999998,
            "min": 0.14559999999999998,
            "max": 0.14559999999999998,
            "count": 1
        },
        "TowerAgent.Policy.Epsilon.sum": {
            "value": 0.14559999999999998,
            "min": 0.14559999999999998,
            "max": 0.14559999999999998,
            "count": 1
        },
        "TowerAgent.Policy.Beta.mean": {
            "value": 0.009125439999999999,
            "min": 0.009125439999999999,
            "max": 0.009125439999999999,
            "count": 1
        },
        "TowerAgent.Policy.Beta.sum": {
            "value": 0.009125439999999999,
            "min": 0.009125439999999999,
            "max": 0.009125439999999999,
            "count": 1
        }
    },
    "metadata": {
        "timer_format_version": "0.1.0",
        "start_time_seconds": "1731155377",
        "python_version": "3.8.19 (default, Mar 20 2024, 19:55:45) [MSC v.1916 64 bit (AMD64)]",
        "command_line_arguments": "C:\\Users\\kamei\\miniconda3\\envs\\myenv\\Scripts\\mlagents-learn config/ppo.yaml --run-id=sample --train --torch-device=cuda",
        "mlagents_version": "0.28.0",
        "mlagents_envs_version": "0.28.0",
        "communication_protocol_version": "1.5.0",
        "pytorch_version": "1.13.1+cu117",
        "numpy_version": "1.21.2",
        "end_time_seconds": "1731155433"
    },
    "total": 55.4635789,
    "count": 1,
    "self": 0.005278799999999251,
    "children": {
        "run_training.setup": {
            "total": 0.054066100000000006,
            "count": 1,
            "self": 0.054066100000000006
        },
        "TrainerController.start_learning": {
            "total": 55.404234,
            "count": 1,
            "self": 0.02457409999993132,
            "children": {
                "TrainerController._reset_env": {
                    "total": 6.3957224,
                    "count": 1,
                    "self": 6.3957224
                },
                "TrainerController.advance": {
                    "total": 48.92417810000007,
                    "count": 2048,
                    "self": 0.021249599999862312,
                    "children": {
                        "env_step": {
                            "total": 48.353593200000134,
                            "count": 2048,
                            "self": 43.95727950000006,
                            "children": {
                                "SubprocessEnvManager._take_step": {
                                    "total": 4.380813299999971,
                                    "count": 2048,
                                    "self": 0.07456179999985046,
                                    "children": {
                                        "TorchPolicy.evaluate": {
                                            "total": 4.306251500000121,
                                            "count": 2048,
                                            "self": 2.4559915999999085,
                                            "children": {
                                                "TorchPolicy.sample_actions": {
                                                    "total": 1.8502599000002125,
                                                    "count": 2048,
                                                    "self": 1.8502599000002125
                                                }
                                            }
                                        }
                                    }
                                },
                                "workers": {
                                    "total": 0.0155004000001,
                                    "count": 2048,
                                    "self": 0.0,
                                    "children": {
                                        "worker_root": {
                                            "total": 49.63097060000023,
                                            "count": 2048,
                                            "is_parallel": true,
                                            "self": 6.689616400000283,
                                            "children": {
                                                "steps_from_proto": {
                                                    "total": 0.00020519999999990546,
                                                    "count": 1,
                                                    "is_parallel": true,
                                                    "self": 7.559999999973144e-05,
                                                    "children": {
                                                        "_process_rank_one_or_two_observation": {
                                                            "total": 0.00012960000000017402,
                                                            "count": 2,
                                                            "is_parallel": true,