{
    "name": "root",
    "gauges": {
        "TowerAgent.Policy.Entropy.mean": {
            "value": 1.4009785652160645,
            "min": 1.4009785652160645,
            "max": 1.4163514375686646,
            "count": 2
        },
        "TowerAgent.Policy.Entropy.sum": {
            "value": 7000.68994140625,
            "min": 7000.68994140625,
            "max": 7088.8388671875,
            "count": 2
        },
        "TowerAgent.Environment.EpisodeLength.mean": {
            "value": 4.310308182784272,
            "min": 4.175801447776629,
            "max": 4.310308182784272,
            "count": 2
        },
        "TowerAgent.Environment.EpisodeLength.sum": {
            "value": 4056.0,
            "min": 4038.0,
            "max": 4056.0,
            "count": 2
        },
        "TowerAgent.Step.mean": {
            "value": 9996.0,
            "min": 4999.0,
            "max": 9996.0,
            "count": 2
        },
        "TowerAgent.Step.sum": {
            "value": 9996.0,
            "min": 4999.0,
            "max": 9996.0,
            "count": 2
        },
        "TowerAgent.Policy.ExtrinsicValueEstimate.mean": {
            "value": 4.519688129425049,
            "min": 0.39008352160453796,
            "max": 4.519688129425049,
            "count": 2
        },
        "TowerAgent.Policy.ExtrinsicValueEstimate.sum": {
            "value": 4253.0263671875,
            "min": 376.8206787109375,
            "max": 4253.0263671875,
            "count": 2
        },
        "TowerAgent.Environment.CumulativeReward.mean": {
            "value": 23.825717321997875,
            "min": 19.944099378881987,
            "max": 23.825717321997875,
            "count": 2
        },
        "TowerAgent.Environment.CumulativeReward.sum": {
            "value": 22420.0,
            "min": 19266.0,
            "max": 22420.0,
            "count": 2
        },
        "TowerAgent.Policy.ExtrinsicReward.mean": {
            "value": 23.825717321997875,
            "min": 19.944099378881987,
            "max": 23.825717321997875,
            "count": 2
        },
        "TowerAgent.Policy.ExtrinsicReward.sum": {
            "value": 22420.0,
            "min": 19266.0,
            "max": 22420.0,
            "count": 2
        },
        "TowerAgent.Losses.PolicyLoss.mean": {
            "value": 0.05274716377607547,
            "min": 0.046648822935821954,
            "max": 0.05274716377607547,
            "count": 2
        },
        "TowerAgent.Losses.PolicyLoss.sum": {
            "value": 0.05274716377607547,
            "min": 0.046648822935821954,
            "max": 0.05274716377607547,
            "count": 2
        },
        "TowerAgent.Losses.ValueLoss.mean": {
            "value": 1300.5002059936523,
            "min": 954.9763345718384,
            "max": 1300.5002059936523,
            "count": 2
        },
        "TowerAgent.Losses.ValueLoss.sum": {
            "value": 1300.5002059936523,
            "min": 954.9763345718384,
            "max": 1300.5002059936523,
            "count": 2
        },
        "TowerAgent.Policy.LearningRate.mean": {
            "value": 0.000458990008202,
            "min": 0.000458990008202,
            "max": 0.00047948000410400003,
            "count": 2
        },
        "TowerAgent.Policy.LearningRate.sum": {
            "value": 0.000458990008202,
            "min": 0.000458990008202,
            "max": 0.00047948000410400003,
            "count": 2
        },
        "TowerAgent.Policy.Epsilon.mean": {
            "value": 0.28359599999999996,
            "min": 0.28359599999999996,
            "max": 0.291792,
            "count": 2
        },
        "TowerAgent.Policy.Epsilon.sum": {
            "value": 0.28359599999999996,
            "min": 0.28359599999999996,
            "max": 0.291792,
            "count": 2
        },
        "TowerAgent.Policy.Beta.mean": {
            "value": 0.009180620200000001,
            "min": 0.009180620200000001,
            "max": 0.009590010400000001,
            "count": 2
        },
        "TowerAgent.Policy.Beta.sum": {
            "value": 0.009180620200000001,
            "min": 0.009180620200000001,
            "max": 0.009590010400000001,
            "count": 2
        },
        "TowerAgent.IsTraining.mean": {
            "value": 1.0,
            "min": 1.0,
            "max": 1.0,
            "count": 2
        },
        "TowerAgent.IsTraining.sum": {
            "value": 1.0,
            "min": 1.0,
            "max": 1.0,
            "count": 2
        }
    },
    "metadata": {
        "timer_format_version": "0.1.0",
        "start_time_seconds": "1732281980",
        "python_version": "3.8.19 (default, Mar 20 2024, 19:55:45) [MSC v.1916 64 bit (AMD64)]",
        "command_line_arguments": "C:\\Users\\kamei\\miniconda3\\envs\\myenv\\Scripts\\mlagents-learn config/ppo_main.yaml --run-id=main1 --train --torch-device=cuda --no-graphics",
        "mlagents_version": "0.28.0",
        "mlagents_envs_version": "0.28.0",
        "communication_protocol_version": "1.5.0",
        "pytorch_version": "1.13.1+cu117",
        "numpy_version": "1.21.2",
        "end_time_seconds": "1732284296"
    },
    "total": 2316.7569193,
    "count": 1,
    "self": 0.003655399999843212,
    "children": {
        "run_training.setup": {
            "total": 0.05751430000000002,
            "count": 1,
            "self": 0.05751430000000002
        },
        "TrainerController.start_learning": {
            "total": 2316.6957496,
            "count": 1,
            "self": 0.21509440001136682,
            "children": {
                "TrainerController._reset_env": {
                    "total": 6.5789893,
                    "count": 1,
                    "self": 6.5789893
                },
                "TrainerController.advance": {
                    "total": 2309.8014263999885,
                    "count": 14547,
                    "self": 0.16395269998429285,
                    "children": {
                        "env_step": {
                            "total": 2295.508044400004,
                            "count": 14547,
                            "self": 2254.8774740000376,
                            "children": {
                                "SubprocessEnvManager._take_step": {
                                    "total": 40.50672279998523,
                                    "count": 14547,
                                    "self": 0.5342776999924155,
                                    "children": {
                                        "TorchPolicy.evaluate": {
                                            "total": 39.97244509999282,
                                            "count": 12210,
                                            "self": 32.66977889998471,
                                            "children": {
                                                "TorchPolicy.sample_actions": {
                                                    "total": 7.302666200008107,
                                                    "count": 12210,
                                                    "self": 7.302666200008107
                                                }
                                            }
                                        }
                                    }
                                },
                                "workers": {
                                    "total": 0.12384759998138506,
                                    "count": 14546,
                                    "self": 0.0,
                                    "children": {
                                        "worker_root": {
                                            "total": 2223.8350746999686,