{
    "name": "root",
    "gauges": {
        "TowerAgent.Policy.Entropy.mean": {
            "value": 1.4335130453109741,
            "min": 1.4189382791519165,
            "max": 1.4335130453109741,
            "count": 50
        },
        "TowerAgent.Policy.Entropy.sum": {
            "value": 1429.2125244140625,
            "min": 1413.5418701171875,
            "max": 1445.185302734375,
            "count": 50
        },
        "TowerAgent.Environment.EpisodeLength.mean": {
            "value": 5.006024096385542,
            "min": 4.416216216216216,
            "max": 5.3081761006289305,
            "count": 50
        },
        "TowerAgent.Environment.EpisodeLength.sum": {
            "value": 831.0,
            "min": 810.0,
            "max": 844.0,
            "count": 50
        },
        "TowerAgent.Step.mean": {
            "value": 49997.0,
            "min": 997.0,
            "max": 49997.0,
            "count": 50
        },
        "TowerAgent.Step.sum": {
            "value": 49997.0,
            "min": 997.0,
            "max": 49997.0,
            "count": 50
        },
        "TowerAgent.Policy.ExtrinsicValueEstimate.mean": {
            "value": 0.3415162265300751,
            "min": -0.03042997233569622,
            "max": 0.3494884967803955,
            "count": 50
        },
        "TowerAgent.Policy.ExtrinsicValueEstimate.sum": {
            "value": 56.69169235229492,
            "min": -5.233955383300781,
            "max": 62.907928466796875,
            "count": 50
        },
        "TowerAgent.Environment.CumulativeReward.mean": {
            "value": 21.97590361445783,
            "min": 17.289156626506024,
            "max": 32.32748538011696,
            "count": 50
        },
        "TowerAgent.Environment.CumulativeReward.sum": {
            "value": 3648.0,
            "min": 2845.0,
            "max": 5528.0,
            "count": 50
        },
        "TowerAgent.Policy.ExtrinsicReward.mean": {
            "value": 21.97590361445783,
            "min": 17.289156626506024,
            "max": 32.32748538011696,
            "count": 50
        },
        "TowerAgent.Policy.ExtrinsicReward.sum": {
            "value": 3648.0,
            "min": 2845.0,
            "max": 5528.0,
            "count": 50
        },
        "TowerAgent.IsTraining.mean": {
            "value": 1.0,
            "min": 1.0,
            "max": 1.0,
            "count": 50
        },
        "TowerAgent.IsTraining.sum": {
            "value": 1.0,
            "min": 1.0,
            "max": 1.0,
            "count": 50
        },
        "TowerAgent.Losses.PolicyLoss.mean": {
            "value": 0.08461882546544075,
            "min": 0.035859295283444226,
            "max": 0.10529086366295815,
            "count": 48
        },
        "TowerAgent.Losses.PolicyLoss.sum": {
            "value": 0.08461882546544075,
            "min": 0.035859295283444226,
            "max": 0.10529086366295815,
            "count": 48
        },
        "TowerAgent.Losses.ValueLoss.mean": {
            "value": 392.4897747039795,
            "min": 297.24248027801514,
            "max": 7733.211217880249,
            "count": 48
        },
        "TowerAgent.Losses.ValueLoss.sum": {
            "value": 392.4897747039795,
            "min": 297.24248027801514,
            "max": 7733.211217880249,
            "count": 48
        },
        "TowerAgent.Policy.LearningRate.mean": {
            "value": 1.334098666000002e-06,
            "min": 1.334098666000002e-06,
            "max": 9.794000206000001e-05,
            "count": 48
        },
        "TowerAgent.Policy.LearningRate.sum": {
            "value": 1.334098666000002e-06,
            "min": 1.334098666000002e-06,
            "max": 9.794000206000001e-05,
            "count": 48
        },
        "TowerAgent.Policy.Epsilon.mean": {
            "value": 0.10133400000000001,
            "min": 0.10133400000000001,
            "max": 0.19794,
            "count": 48
        },
        "TowerAgent.Policy.Epsilon.sum": {
            "value": 0.10133400000000001,
            "min": 0.10133400000000001,
            "max": 0.19794,
            "count": 48
        },
        "TowerAgent.Policy.Beta.mean": {
            "value": 7.65666000000001e-05,
            "min": 7.65666000000001e-05,
            "max": 0.004897206,
            "count": 48
        },
        "TowerAgent.Policy.Beta.sum": {
            "value": 7.65666000000001e-05,
            "min": 7.65666000000001e-05,
            "max": 0.004897206,
            "count": 48
        }
    },
    "metadata": {
        "timer_format_version": "0.1.0",
        "start_time_seconds": "1732542955",
        "python_version": "3.8.19 (default, Mar 20 2024, 19:55:45) [MSC v.1916 64 bit (AMD64)]",
        "command_line_arguments": "C:\\Users\\kamei\\miniconda3\\envs\\myenv\\Scripts\\mlagents-learn config/ppo_easy.yaml --run-id=easy2 --train --torch-device=cuda --no-graphics",
        "mlagents_version": "0.28.0",
        "mlagents_envs_version": "0.28.0",
        "communication_protocol_version": "1.5.0",
        "pytorch_version": "1.13.1+cu117",
        "numpy_version": "1.21.2",
        "end_time_seconds": "1732552000"
    },
    "total": 9045.2368884,
    "count": 1,
    "self": 0.010984700002154568,
    "children": {
        "run_training.setup": {
            "total": 0.06394499999999992,
            "count": 1,
            "self": 0.06394499999999992
        },
        "TrainerController.start_learning": {
            "total": 9045.161958699999,
            "count": 1,
            "self": 1.1752105998930347,
            "children": {
                "TrainerController._reset_env": {
                    "total": 6.890408899999999,
                    "count": 1,
                    "self": 6.890408899999999
                },
                "TrainerController.advance": {
                    "total": 9036.940951400104,
                    "count": 58568,
                    "self": 1.024342300117496,
                    "children": {
                        "env_step": {
                            "total": 8973.63910089999,
                            "count": 58568,
                            "self": 8736.9562347999,
                            "children": {
                                "SubprocessEnvManager._take_step": {
                                    "total": 235.9100009999663,
                                    "count": 58568,
                                    "self": 2.8480786000280034,
                                    "children": {
                                        "TorchPolicy.evaluate": {
                                            "total": 233.06192239993828,
                                            "count": 50001,
                                            "self": 185.433100699975,
                                            "children": {
                                                "TorchPolicy.sample_actions": {
                                                    "total": 47.62882169996329,
                                                    "count": 50001,
                                                    "self": 47.62882169996329
                                                }
                                            }
                                        }
                                    }
                                },
                                "workers": {
                                    "total": 0.7728651001254203,
                                    "count": 58568,
                                    "self": 0.0,