{
    "name": "root",
    "metadata": {
        "timer_format_version": "0.1.0",
        "start_time_seconds": "1733099296",
        "python_version": "3.8.19 (default, Mar 20 2024, 19:55:45) [MSC v.1916 64 bit (AMD64)]",
        "command_line_arguments": "C:\\Users\\kamei\\miniconda3\\envs\\myenv\\Scripts\\mlagents-learn config/ppo_easy.yaml --run-id=easy12 --torch-device=cuda --no-graphics --env-args=--timeout=600",
        "mlagents_version": "0.30.0",
        "mlagents_envs_version": "0.30.0",
        "communication_protocol_version": "1.5.0",
        "pytorch_version": "2.4.1+cu118",
        "numpy_version": "1.21.2",
        "end_time_seconds": "1733099322"
    },
    "total": 25.7520475,
    "count": 1,
    "self": 0.007778399999995855,
    "children": {
        "run_training.setup": {
            "total": 0.06578740000000005,
            "count": 1,
            "self": 0.06578740000000005
        },
        "TrainerController.start_learning": {
            "total": 25.678481700000003,
            "count": 1,
            "self": 0.0033377999999864016,
            "children": {
                "TrainerController._reset_env": {
                    "total": 10.9647486,
                    "count": 1,
                    "self": 10.9647486
                },
                "TrainerController.advance": {
                    "total": 14.647134800000014,
                    "count": 223,
                    "self": 0.0028141000000694305,
                    "children": {
                        "env_step": {
                            "total": 14.469138199999978,
                            "count": 223,
                            "self": 14.121262399999976,
                            "children": {
                                "SubprocessEnvManager._take_step": {
                                    "total": 0.34595790000000726,
                                    "count": 223,
                                    "self": 0.009869600000023127,
                                    "children": {
                                        "TorchPolicy.evaluate": {
                                            "total": 0.33608829999998413,
                                            "count": 201,
                                            "self": 0.33608829999998413
                                        }
                                    }
                                },
                                "workers": {
                                    "total": 0.001917899999995143,
                                    "count": 223,
                                    "self": 0.0,
                                    "children": {
                                        "worker_root": {
                                            "total": 15.262080500000026,
                                            "count": 223,
                                            "is_parallel": true,
                                            "self": 1.2916532000000043,
                                            "children": {
                                                "steps_from_proto": {
                                                    "total": 0.0002505999999993236,
                                                    "count": 1,
                                                    "is_parallel": true,
                                                    "self": 6.040000000062662e-05,
                                                    "children": {
                                                        "_process_rank_one_or_two_observation": {
                                                            "total": 0.00019019999999869697,
                                                            "count": 2,
                                                            "is_parallel": true,
                                                            "self": 0.00019019999999869697
                                                        }
                                                    }
                                                },
                                                "UnityEnvironment.step": {
                                                    "total": 13.970176700000023,
                                                    "count": 223,
                                                    "is_parallel": true,
                                                    "self": 0.01361440000002112,
                                                    "children": {
                                                        "UnityEnvironment._generate_step_input": {
                                                            "total": 0.009788800000004372,
                                                            "count": 223,
                                                            "is_parallel": true,
                                                            "self": 0.009788800000004372
                                                        },
                                                        "communicator.exchange": {
                                                            "total": 13.9136464,
                                                            "count": 223,
                                                            "is_parallel": true,
                                                            "self": 13.9136464
                                                        },
                                                        "steps_from_proto": {
                                                            "total": 0.033127099999997967,
                                                            "count": 223,
                                                            "is_parallel": true,
                                                            "self": 0.012997099999997985,
                                                            "children": {
                                                                "_process_rank_one_or_two_observation": {
                                                                    "total": 0.02012999999999998,
                                                                    "count": 446,
                                                                    "is_parallel": true,
                                                                    "self": 0.02012999999999998
                                                                }
                                                            }
                                                        }
                                                    }
                                                }
                                            }
                                        }
                                    }
                                }
                            }
                        },
                        "trainer_advance": {
                            "total": 0.17518249999996627,
                            "count": 223,
                            "self": 0.0039020999999408446,
                            "children": {
                                "process_trajectory": {
                                    "total": 0.05601670000002201,
                                    "count": 223,
                                    "self": 0.05601670000002201
                                },
                                "_update_policy": {
                                    "total": 0.11526370000000341,
                                    "count": 2,
                                    "self": 0.00907500000000283,