{
    "name": "root",
    "gauges": {
        "TowerAgent.Policy.Entropy.mean": {
            "value": 1.4162929058074951,
            "min": 1.4162929058074951,
            "max": 1.418938398361206,
            "count": 4
        },
        "TowerAgent.Policy.Entropy.sum": {
            "value": 705.3138427734375,
            "min": 705.3138427734375,
            "max": 713.7259521484375,
            "count": 4
        },
        "TowerAgent.Environment.EpisodeLength.mean": {
            "value": 3.8823529411764706,
            "min": 3.5315315315315314,
            "max": 4.05050505050505,
            "count": 4
        },
        "TowerAgent.Environment.EpisodeLength.sum": {
            "value": 396.0,
            "min": 392.0,
            "max": 401.0,
            "count": 4
        },
        "TowerAgent.Step.mean": {
            "value": 1999.0,
            "min": 494.0,
            "max": 1999.0,
            "count": 4
        },
        "TowerAgent.Step.sum": {
            "value": 1999.0,
            "min": 494.0,
            "max": 1999.0,
            "count": 4
        },
        "TowerAgent.Policy.ExtrinsicValueEstimate.mean": {
            "value": 0.2739013433456421,
            "min": -0.0018014720408245921,
            "max": 0.2739013433456421,
            "count": 4
        },
        "TowerAgent.Policy.ExtrinsicValueEstimate.sum": {
            "value": 27.937936782836914,
            "min": -0.19996339082717896,
            "max": 27.937936782836914,
            "count": 4
        },
        "TowerAgent.Environment.CumulativeReward.mean": {
            "value": 24.49019607843137,
            "min": 17.585585585585587,
            "max": 25.06122448979592,
            "count": 4
        },
        "TowerAgent.Environment.CumulativeReward.sum": {
            "value": 2498.0,
            "min": 1952.0,
            "max": 2498.0,
            "count": 4
        },
        "TowerAgent.Policy.ExtrinsicReward.mean": {
            "value": 24.49019607843137,
            "min": 17.585585585585587,
            "max": 25.06122448979592,
            "count": 4
        },
        "TowerAgent.Policy.ExtrinsicReward.sum": {
            "value": 2498.0,
            "min": 1952.0,
            "max": 2498.0,
            "count": 4
        },
        "TowerAgent.IsTraining.mean": {
            "value": 1.0,
            "min": 1.0,
            "max": 1.0,
            "count": 4
        },
        "TowerAgent.IsTraining.sum": {
            "value": 1.0,
            "min": 1.0,
            "max": 1.0,
            "count": 4
        },
        "TowerAgent.Losses.PolicyLoss.mean": {
            "value": 0.10735397591876487,
            "min": 0.10735397591876487,
            "max": 0.10735397591876487,
            "count": 1
        },
        "TowerAgent.Losses.PolicyLoss.sum": {
            "value": 0.10735397591876487,
            "min": 0.10735397591876487,
            "max": 0.10735397591876487,
            "count": 1
        },
        "TowerAgent.Losses.ValueLoss.mean": {
            "value": 1340.4223041534424,
            "min": 1340.4223041534424,
            "max": 1340.4223041534424,
            "count": 1
        },
        "TowerAgent.Losses.ValueLoss.sum": {
            "value": 1340.4223041534424,
            "min": 1340.4223041534424,
            "max": 1340.4223041534424,
            "count": 1
        },
        "TowerAgent.Policy.LearningRate.mean": {
            "value": 0.00014625005125000002,
            "min": 0.00014625005125000002,
            "max": 0.00014625005125000002,
            "count": 1
        },
        "TowerAgent.Policy.LearningRate.sum": {
            "value": 0.00014625005125000002,
            "min": 0.00014625005125000002,
            "max": 0.00014625005125000002,
            "count": 1
        },
        "TowerAgent.Policy.Epsilon.mean": {
            "value": 0.14875000000000002,
            "min": 0.14875000000000002,
            "max": 0.14875000000000002,
            "count": 1
        },
        "TowerAgent.Policy.Epsilon.sum": {
            "value": 0.14875000000000002,
            "min": 0.14875000000000002,
            "max": 0.14875000000000002,
            "count": 1
        },
        "TowerAgent.Policy.Beta.mean": {
            "value": 0.009755125000000002,
            "min": 0.009755125000000002,
            "max": 0.009755125000000002,
            "count": 1
        },
        "TowerAgent.Policy.Beta.sum": {
            "value": 0.009755125000000002,
            "min": 0.009755125000000002,
            "max": 0.009755125000000002,
            "count": 1
        }
    },
    "metadata": {
        "timer_format_version": "0.1.0",
        "start_time_seconds": "1731267257",
        "python_version": "3.8.19 (default, Mar 20 2024, 19:55:45) [MSC v.1916 64 bit (AMD64)]",
        "command_line_arguments": "C:\\Users\\kamei\\miniconda3\\envs\\myenv\\Scripts\\mlagents-learn config/ppo.yaml --run-id=sample2 --train --torch-device=cuda",
        "mlagents_version": "0.28.0",
        "mlagents_envs_version": "0.28.0",
        "communication_protocol_version": "1.5.0",
        "pytorch_version": "1.13.1+cu117",
        "numpy_version": "1.21.2",
        "end_time_seconds": "1731267670"
    },
    "total": 413.0727647,
    "count": 1,
    "self": 0.005322700000021996,
    "children": {
        "run_training.setup": {
            "total": 0.05827979999999999,
            "count": 1,
            "self": 0.05827979999999999
        },
        "TrainerController.start_learning": {
            "total": 413.0091622,
            "count": 1,
            "self": 0.03447639999990315,
            "children": {
                "TrainerController._reset_env": {
                    "total": 4.8578702,
                    "count": 1,
                    "self": 4.8578702
                },
                "TrainerController.advance": {
                    "total": 408.0574315000001,
                    "count": 2418,
                    "self": 0.027970600000287504,
                    "children": {
                        "env_step": {
                            "total": 405.3905729999997,
                            "count": 2418,
                            "self": 398.68647599999946,
                            "children": {
                                "SubprocessEnvManager._take_step": {
                                    "total": 6.683234000000068,
                                    "count": 2418,
                                    "self": 0.08867870000038991,
                                    "children": {
                                        "TorchPolicy.evaluate": {
                                            "total": 6.594555299999678,
                                            "count": 2001,
                                            "self": 5.1105867999992105,
                                            "children": {
                                                "TorchPolicy.sample_actions": {
                                                    "total": 1.4839685000004676,
                                                    "count": 2001,
                                                    "self": 1.4839685000004676
                                                }
                                            }
                                        }
                                    }
                                },
                                "workers": {
                                    "total": 0.02086300000014507,
                                    "count": 2418,
                                    "self": 0.0,