{
    "name": "root",
    "gauges": {
        "TowerAgent.Policy.Entropy.mean": {
            "value": 1.4192956686019897,
            "min": 1.4189382791519165,
            "max": 1.4192956686019897,
            "count": 3
        },
        "TowerAgent.Policy.Entropy.sum": {
            "value": 701.132080078125,
            "min": 701.132080078125,
            "max": 726.4963989257812,
            "count": 3
        },
        "TowerAgent.Step.mean": {
            "value": 1441.0,
            "min": 448.0,
            "max": 1441.0,
            "count": 3
        },
        "TowerAgent.Step.sum": {
            "value": 1441.0,
            "min": 448.0,
            "max": 1441.0,
            "count": 3
        },
        "TowerAgent.Policy.ExtrinsicValueEstimate.mean": {
            "value": 0.19005243480205536,
            "min": 0.03841012716293335,
            "max": 0.37393248081207275,
            "count": 3
        },
        "TowerAgent.Policy.ExtrinsicValueEstimate.sum": {
            "value": 1.5204194784164429,
            "min": 0.26887089014053345,
            "max": 3.3653922080993652,
            "count": 3
        },
        "TowerAgent.IsTraining.mean": {
            "value": 1.0,
            "min": 1.0,
            "max": 1.0,
            "count": 3
        },
        "TowerAgent.IsTraining.sum": {
            "value": 1.0,
            "min": 1.0,
            "max": 1.0,
            "count": 3
        },
        "TowerAgent.Environment.EpisodeLength.mean": {
            "value": 301.0,
            "min": 301.0,
            "max": 376.5,
            "count": 2
        },
        "TowerAgent.Environment.EpisodeLength.sum": {
            "value": 301.0,
            "min": 301.0,
            "max": 753.0,
            "count": 2
        },
        "TowerAgent.Environment.CumulativeReward.mean": {
            "value": -9.600000381469727,
            "min": -9.600000381469727,
            "max": -9.5,
            "count": 2
        },
        "TowerAgent.Environment.CumulativeReward.sum": {
            "value": -9.600000381469727,
            "min": -19.0,
            "max": -9.600000381469727,
            "count": 2
        },
        "TowerAgent.Policy.ExtrinsicReward.mean": {
            "value": -9.600000381469727,
            "min": -9.600000381469727,
            "max": -9.5,
            "count": 2
        },
        "TowerAgent.Policy.ExtrinsicReward.sum": {
            "value": -9.600000381469727,
            "min": -19.0,
            "max": -9.600000381469727,
            "count": 2
        },
        "TowerAgent.Losses.PolicyLoss.mean": {
            "value": 0.10321735897256683,
            "min": 0.10321735897256683,
            "max": 0.10321735897256683,
            "count": 1
        },
        "TowerAgent.Losses.PolicyLoss.sum": {
            "value": 0.10321735897256683,
            "min": 0.10321735897256683,
            "max": 0.10321735897256683,
            "count": 1
        },
        "TowerAgent.Losses.ValueLoss.mean": {
            "value": 2.0520814705329635,
            "min": 2.0520814705329635,
            "max": 2.0520814705329635,
            "count": 1
        },
        "TowerAgent.Losses.ValueLoss.sum": {
            "value": 2.0520814705329635,
            "min": 2.0520814705329635,
            "max": 2.0520814705329635,
            "count": 1
        },
        "TowerAgent.Policy.LearningRate.mean": {
            "value": 0.00014145005285,
            "min": 0.00014145005285,
            "max": 0.00014145005285,
            "count": 1
        },
        "TowerAgent.Policy.LearningRate.sum": {
            "value": 0.00014145005285,
            "min": 0.00014145005285,
            "max": 0.00014145005285,
            "count": 1
        },
        "TowerAgent.Policy.Epsilon.mean": {
            "value": 0.14715,
            "min": 0.14715,
            "max": 0.14715,
            "count": 1
        },
        "TowerAgent.Policy.Epsilon.sum": {
            "value": 0.14715,
            "min": 0.14715,
            "max": 0.14715,
            "count": 1
        },
        "TowerAgent.Policy.Beta.mean": {
            "value": 0.009435285,
            "min": 0.009435285,
            "max": 0.009435285,
            "count": 1
        },
        "TowerAgent.Policy.Beta.sum": {
            "value": 0.009435285,
            "min": 0.009435285,
            "max": 0.009435285,
            "count": 1
        }
    },
    "metadata": {
        "timer_format_version": "0.1.0",
        "start_time_seconds": "1731258899",
        "python_version": "3.8.19 (default, Mar 20 2024, 19:55:45) [MSC v.1916 64 bit (AMD64)]",
        "command_line_arguments": "C:\\Users\\kamei\\miniconda3\\envs\\myenv\\Scripts\\mlagents-learn config/ppo.yaml --run-id=sample2 --train --torch-device=cuda",
        "mlagents_version": "0.28.0",
        "mlagents_envs_version": "0.28.0",
        "communication_protocol_version": "1.5.0",
        "pytorch_version": "1.13.1+cu117",
        "numpy_version": "1.21.2",
        "end_time_seconds": "1731259118"
    },
    "total": 218.6994634,
    "count": 1,
    "self": 0.004133900000027779,
    "children": {
        "run_training.setup": {
            "total": 0.0873427,
            "count": 1,
            "self": 0.0873427
        },
        "TrainerController.start_learning": {
            "total": 218.6079868,
            "count": 1,
            "self": 0.02137400000009393,
            "children": {
                "TrainerController._reset_env": {
                    "total": 27.867682499999997,
                    "count": 1,
                    "self": 27.867682499999997
                },
                "TrainerController.advance": {
                    "total": 190.6595320999999,
                    "count": 1573,
                    "self": 0.017369099999854143,
                    "children": {
                        "env_step": {
                            "total": 190.03771850000007,
                            "count": 1573,
                            "self": 185.18419089999998,
                            "children": {
                                "SubprocessEnvManager._take_step": {
                                    "total": 4.8401165999999805,
                                    "count": 1573,
                                    "self": 0.06806719999947575,
                                    "children": {
                                        "TorchPolicy.evaluate": {
                                            "total": 4.772049400000505,
                                            "count": 1569,
                                            "self": 2.8897511000003178,
                                            "children": {
                                                "TorchPolicy.sample_actions": {
                                                    "total": 1.882298300000187,
                                                    "count": 1569,
                                                    "self": 1.882298300000187
                                                }
                                            }
                                        }
                                    }
                                },
                                "workers": {
                                    "total": 0.013411000000107975,
                                    "count": 1572,
                                    "self": 0.0,
                                    "children": {
                                        "worker_root": {
                                            "total": 130.15100419999973,
                                            "count": 1572,
                                            "is_parallel": true,