{
    "name": "root",
    "gauges": {
        "TowerAgent.Policy.Entropy.mean": {
            "value": 1.4237762689590454,
            "min": 1.4189382791519165,
            "max": 1.4237762689590454,
            "count": 5
        },
        "TowerAgent.Policy.Entropy.sum": {
            "value": 1428.047607421875,
            "min": 1413.43359375,
            "max": 1428.047607421875,
            "count": 5
        },
        "TowerAgent.Environment.EpisodeLength.mean": {
            "value": 5.512987012987013,
            "min": 5.512987012987013,
            "max": 6.389705882352941,
            "count": 5
        },
        "TowerAgent.Environment.EpisodeLength.sum": {
            "value": 849.0,
            "min": 849.0,
            "max": 869.0,
            "count": 5
        },
        "TowerAgent.Step.mean": {
            "value": 4996.0,
            "min": 993.0,
            "max": 4996.0,
            "count": 5
        },
        "TowerAgent.Step.sum": {
            "value": 4996.0,
            "min": 993.0,
            "max": 4996.0,
            "count": 5
        },
        "TowerAgent.Policy.ExtrinsicValueEstimate.mean": {
            "value": -0.40578386187553406,
            "min": -0.46063846349716187,
            "max": -0.04806527867913246,
            "count": 5
        },
        "TowerAgent.Policy.ExtrinsicValueEstimate.sum": {
            "value": -62.49071502685547,
            "min": -66.33193969726562,
            "max": -6.488812446594238,
            "count": 5
        },
        "TowerAgent.Environment.CumulativeReward.mean": {
            "value": -7.025974025974026,
            "min": -12.264285714285714,
            "max": -7.025974025974026,
            "count": 5
        },
        "TowerAgent.Environment.CumulativeReward.sum": {
            "value": -1082.0,
            "min": -1717.0,
            "max": -1082.0,
            "count": 5
        },
        "TowerAgent.Policy.ExtrinsicReward.mean": {
            "value": -7.025974025974026,
            "min": -12.264285714285714,
            "max": -7.025974025974026,
            "count": 5
        },
        "TowerAgent.Policy.ExtrinsicReward.sum": {
            "value": -1082.0,
            "min": -1717.0,
            "max": -1082.0,
            "count": 5
        },
        "TowerAgent.IsTraining.mean": {
            "value": 1.0,
            "min": 1.0,
            "max": 1.0,
            "count": 5
        },
        "TowerAgent.IsTraining.sum": {
            "value": 1.0,
            "min": 1.0,
            "max": 1.0,
            "count": 5
        },
        "TowerAgent.Losses.PolicyLoss.mean": {
            "value": 0.05549089020738999,
            "min": 0.030040766733388107,
            "max": 0.05549089020738999,
            "count": 4
        },
        "TowerAgent.Losses.PolicyLoss.sum": {
            "value": 0.05549089020738999,
            "min": 0.030040766733388107,
            "max": 0.05549089020738999,
            "count": 4
        },
        "TowerAgent.Losses.ValueLoss.mean": {
            "value": 609.8060506184896,
            "min": 609.8060506184896,
            "max": 909.4059855143229,
            "count": 4
        },
        "TowerAgent.Losses.ValueLoss.sum": {
            "value": 609.8060506184896,
            "min": 609.8060506184896,
            "max": 909.4059855143229,
            "count": 4
        },
        "TowerAgent.Policy.LearningRate.mean": {
            "value": 8.940008211999997e-05,
            "min": 8.940008211999997e-05,
            "max": 0.00039730002053999994,
            "count": 4
        },
        "TowerAgent.Policy.LearningRate.sum": {
            "value": 8.940008211999997e-05,
            "min": 8.940008211999997e-05,
            "max": 0.00039730002053999994,
            "count": 4
        },
        "TowerAgent.Policy.Epsilon.mean": {
            "value": 0.11788,
            "min": 0.11788,
            "max": 0.17945999999999998,
            "count": 4
        },
        "TowerAgent.Policy.Epsilon.sum": {
            "value": 0.11788,
            "min": 0.11788,
            "max": 0.17945999999999998,
            "count": 4
        },
        "TowerAgent.Policy.Beta.mean": {
            "value": 0.0017962119999999993,
            "min": 0.0017962119999999993,
            "max": 0.007948053999999998,
            "count": 4
        },
        "TowerAgent.Policy.Beta.sum": {
            "value": 0.0017962119999999993,
            "min": 0.0017962119999999993,
            "max": 0.007948053999999998,
            "count": 4
        }
    },
    "metadata": {
        "timer_format_version": "0.1.0",
        "start_time_seconds": "1732508309",
        "python_version": "3.8.19 (default, Mar 20 2024, 19:55:45) [MSC v.1916 64 bit (AMD64)]",
        "command_line_arguments": "C:\\Users\\kamei\\miniconda3\\envs\\myenv\\Scripts\\mlagents-learn config/ppo_easy.yaml --run-id=easy8 --train --torch-device=cuda --no-graphics",
        "mlagents_version": "0.28.0",
        "mlagents_envs_version": "0.28.0",
        "communication_protocol_version": "1.5.0",
        "pytorch_version": "1.13.1+cu117",
        "numpy_version": "1.21.2",
        "end_time_seconds": "1732509332"
    },
    "total": 1022.5784183999999,
    "count": 1,
    "self": 0.00554069999998319,
    "children": {
        "run_training.setup": {
            "total": 0.05631940000000002,
            "count": 1,
            "self": 0.05631940000000002
        },
        "TrainerController.start_learning": {
            "total": 1022.5165582999999,
            "count": 1,
            "self": 0.08179020000397941,
            "children": {
                "TrainerController._reset_env": {
                    "total": 9.6798587,
                    "count": 1,
                    "self": 9.6798587
                },
                "TrainerController.advance": {
                    "total": 1012.6738261999959,
                    "count": 5722,
                    "self": 0.06328929999983757,
                    "children": {
                        "env_step": {
                            "total": 1007.8311852999976,
                            "count": 5722,
                            "self": 989.1840271999981,
                            "children": {
                                "SubprocessEnvManager._take_step": {
                                    "total": 18.597933799999304,
                                    "count": 5722,
                                    "self": 0.22275749999959515,
                                    "children": {
                                        "TorchPolicy.evaluate": {
                                            "total": 18.37517629999971,
                                            "count": 5005,
                                            "self": 15.172558400002693,
                                            "children": {
                                                "TorchPolicy.sample_actions": {
                                                    "total": 3.2026178999970156,
                                                    "count": 5005,
                                                    "self": 3.2026178999970156
                                                }
                                            }
                                        }
                                    }
                                },
                                "workers": {
                                    "total": 0.049224300000190624,
                                    "count": 5722,
                                    "self": 0.0,