{
    "name": "root",
    "gauges": {
        "TowerAgent.Policy.Entropy.mean": {
            "value": 1.432601809501648,
            "min": 1.4234939813613892,
            "max": 1.432601809501648,
            "count": 2
        },
        "TowerAgent.Policy.Entropy.sum": {
            "value": 71592.84375,
            "min": 71386.796875,
            "max": 71592.84375,
            "count": 2
        },
        "TowerAgent.Environment.EpisodeLength.mean": {
            "value": 272.08196721311475,
            "min": 272.08196721311475,
            "max": 283.9375,
            "count": 2
        },
        "TowerAgent.Environment.EpisodeLength.sum": {
            "value": 49791.0,
            "min": 49791.0,
            "max": 49973.0,
            "count": 2
        },
        "TowerAgent.Step.mean": {
            "value": 99995.0,
            "min": 49652.0,
            "max": 99995.0,
            "count": 2
        },
        "TowerAgent.Step.sum": {
            "value": 99995.0,
            "min": 49652.0,
            "max": 99995.0,
            "count": 2
        },
        "TowerAgent.Policy.ExtrinsicValueEstimate.mean": {
            "value": 5.45237922668457,
            "min": 1.575664758682251,
            "max": 5.45237922668457,
            "count": 2
        },
        "TowerAgent.Policy.ExtrinsicValueEstimate.sum": {
            "value": 997.785400390625,
            "min": 275.7413330078125,
            "max": 997.785400390625,
            "count": 2
        },
        "TowerAgent.Environment.CumulativeReward.mean": {
            "value": 183.40480743470738,
            "min": 183.40480743470738,
            "max": 189.20083592551094,
            "count": 2
        },
        "TowerAgent.Environment.CumulativeReward.sum": {
            "value": 33563.07976055145,
            "min": 33110.14628696442,
            "max": 33563.07976055145,
            "count": 2
        },
        "TowerAgent.Policy.ExtrinsicReward.mean": {
            "value": 183.40480743470738,
            "min": 183.40480743470738,
            "max": 189.20083592551094,
            "count": 2
        },
        "TowerAgent.Policy.ExtrinsicReward.sum": {
            "value": 33563.07976055145,
            "min": 33110.14628696442,
            "max": 33563.07976055145,
            "count": 2
        },
        "TowerAgent.Losses.PolicyLoss.mean": {
            "value": 0.03486607715797921,
            "min": 0.0346409079820169,
            "max": 0.03486607715797921,
            "count": 2
        },
        "TowerAgent.Losses.PolicyLoss.sum": {
            "value": 0.17433038578989604,
            "min": 0.1385636319280676,
            "max": 0.17433038578989604,
            "count": 2
        },
        "TowerAgent.Losses.ValueLoss.mean": {
            "value": 105.00099294026693,
            "min": 105.00099294026693,
            "max": 110.18448782724047,
            "count": 2
        },
        "TowerAgent.Losses.ValueLoss.sum": {
            "value": 525.0049647013346,
            "min": 440.7379513089619,
            "max": 525.0049647013346,
            "count": 2
        },
        "TowerAgent.Policy.LearningRate.mean": {
            "value": 7.912687362440001e-05,
            "min": 7.912687362440001e-05,
            "max": 0.00022119977626675004,
            "count": 2
        },
        "TowerAgent.Policy.LearningRate.sum": {
            "value": 0.000395634368122,
            "min": 0.000395634368122,
            "max": 0.0008847991050670002,
            "count": 2
        },
        "TowerAgent.Policy.Epsilon.mean": {
            "value": 0.12637560000000003,
            "min": 0.12637560000000003,
            "max": 0.17373325000000006,
            "count": 2
        },
        "TowerAgent.Policy.Epsilon.sum": {
            "value": 0.6318780000000002,
            "min": 0.6318780000000002,
            "max": 0.6949330000000002,
            "count": 2
        },
        "TowerAgent.Policy.Beta.mean": {
            "value": 0.0026449224400000005,
            "min": 0.0026449224400000005,
            "max": 0.007375951675000001,
            "count": 2
        },
        "TowerAgent.Policy.Beta.sum": {
            "value": 0.013224612200000003,
            "min": 0.013224612200000003,
            "max": 0.029503806700000003,
            "count": 2
        },
        "TowerAgent.IsTraining.mean": {
            "value": 1.0,
            "min": 1.0,
            "max": 1.0,
            "count": 2
        },
        "TowerAgent.IsTraining.sum": {
            "value": 1.0,
            "min": 1.0,
            "max": 1.0,
            "count": 2
        }
    },
    "metadata": {
        "timer_format_version": "0.1.0",
        "start_time_seconds": "1729421460",
        "python_version": "3.8.19 (default, Mar 20 2024, 19:55:45) [MSC v.1916 64 bit (AMD64)]",
        "command_line_arguments": "C:\\Users\\kamei\\miniconda3\\envs\\myenv\\Scripts\\mlagents-learn config/ppo_main.yaml --run-id=main_agent --train --torch-device cuda",
        "mlagents_version": "0.28.0",
        "mlagents_envs_version": "0.28.0",
        "communication_protocol_version": "1.5.0",
        "pytorch_version": "1.13.1+cu117",
        "numpy_version": "1.21.2",
        "end_time_seconds": "1729431963"
    },
    "total": 10503.6983853,
    "count": 1,
    "self": 0.0044112000014138175,
    "children": {
        "run_training.setup": {
            "total": 0.05796179999999995,
            "count": 1,
            "self": 0.05796179999999995
        },
        "TrainerController.start_learning": {
            "total": 10503.6360123,
            "count": 1,
            "self": 1.4805501999180706,
            "children": {
                "TrainerController._reset_env": {
                    "total": 12.999308300000001,
                    "count": 1,
                    "self": 12.999308300000001
                },
                "TrainerController.advance": {
                    "total": 10489.09481980008,
                    "count": 100481,
                    "self": 1.1563510998439597,
                    "children": {
                        "env_step": {
                            "total": 10472.843916400223,
                            "count": 100481,
                            "self": 10287.68607010012,
                            "children": {
                                "SubprocessEnvManager._take_step": {
                                    "total": 184.24504740022604,
                                    "count": 100481,
                                    "self": 4.320469400311879,
                                    "children": {
                                        "TorchPolicy.evaluate": {
                                            "total": 179.92457799991416,
                                            "count": 100123,
                                            "self": 123.27730180003591,
                                            "children": {
                                                "TorchPolicy.sample_actions": {
                                                    "total": 56.64727619987825,
                                                    "count": 100123,
                                                    "self": 56.64727619987825
                                                }
                                            }
                                        }
                                    }
                                },
                                "workers": {
                                    "total": 0.9127988998762309,
                                    "count": 100481,
                                    "self": 0.0,