{
    "name": "root",
    "gauges": {
        "TowerAgent.Policy.Entropy.mean": {
            "value": 1.421722412109375,
            "min": 1.4189382791519165,
            "max": 1.421722412109375,
            "count": 5
        },
        "TowerAgent.Policy.Entropy.sum": {
            "value": 1428.8310546875,
            "min": 1414.4278564453125,
            "max": 1430.289794921875,
            "count": 5
        },
        "TowerAgent.Environment.EpisodeLength.mean": {
            "value": 6.730769230769231,
            "min": 5.384615384615385,
            "max": 6.730769230769231,
            "count": 5
        },
        "TowerAgent.Environment.EpisodeLength.sum": {
            "value": 875.0,
            "min": 840.0,
            "max": 875.0,
            "count": 5
        },
        "TowerAgent.Step.mean": {
            "value": 4999.0,
            "min": 996.0,
            "max": 4999.0,
            "count": 5
        },
        "TowerAgent.Step.sum": {
            "value": 4999.0,
            "min": 996.0,
            "max": 4999.0,
            "count": 5
        },
        "TowerAgent.Policy.ExtrinsicValueEstimate.mean": {
            "value": -0.12730146944522858,
            "min": -0.12730146944522858,
            "max": 0.062288474291563034,
            "count": 5
        },
        "TowerAgent.Policy.ExtrinsicValueEstimate.sum": {
            "value": -16.549190521240234,
            "min": -16.549190521240234,
            "max": 9.405559539794922,
            "count": 5
        },
        "TowerAgent.Environment.CumulativeReward.mean": {
            "value": -6.984615384615385,
            "min": -6.984615384615385,
            "max": 5.526666666666666,
            "count": 5
        },
        "TowerAgent.Environment.CumulativeReward.sum": {
            "value": -908.0,
            "min": -908.0,
            "max": 829.0,
            "count": 5
        },
        "TowerAgent.Policy.ExtrinsicReward.mean": {
            "value": -6.984615384615385,
            "min": -6.984615384615385,
            "max": 5.526666666666666,
            "count": 5
        },
        "TowerAgent.Policy.ExtrinsicReward.sum": {
            "value": -908.0,
            "min": -908.0,
            "max": 829.0,
            "count": 5
        },
        "TowerAgent.IsTraining.mean": {
            "value": 1.0,
            "min": 1.0,
            "max": 1.0,
            "count": 5
        },
        "TowerAgent.IsTraining.sum": {
            "value": 1.0,
            "min": 1.0,
            "max": 1.0,
            "count": 5
        },
        "TowerAgent.Losses.PolicyLoss.mean": {
            "value": 0.057336194751163326,
            "min": 0.029510514500240486,
            "max": 0.057336194751163326,
            "count": 4
        },
        "TowerAgent.Losses.PolicyLoss.sum": {
            "value": 0.057336194751163326,
            "min": 0.029510514500240486,
            "max": 0.057336194751163326,
            "count": 4
        },
        "TowerAgent.Losses.ValueLoss.mean": {
            "value": 1138.1414591471355,
            "min": 1040.4743754069011,
            "max": 2077.578603108724,
            "count": 4
        },
        "TowerAgent.Losses.ValueLoss.sum": {
            "value": 1138.1414591471355,
            "min": 1040.4743754069011,
            "max": 2077.578603108724,
            "count": 4
        },
        "TowerAgent.Policy.LearningRate.mean": {
            "value": 8.920008215999998e-05,
            "min": 8.920008215999998e-05,
            "max": 0.0003975000205,
            "count": 4
        },
        "TowerAgent.Policy.LearningRate.sum": {
            "value": 8.920008215999998e-05,
            "min": 8.920008215999998e-05,
            "max": 0.0003975000205,
            "count": 4
        },
        "TowerAgent.Policy.Epsilon.mean": {
            "value": 0.11783999999999999,
            "min": 0.11783999999999999,
            "max": 0.17950000000000002,
            "count": 4
        },
        "TowerAgent.Policy.Epsilon.sum": {
            "value": 0.11783999999999999,
            "min": 0.11783999999999999,
            "max": 0.17950000000000002,
            "count": 4
        },
        "TowerAgent.Policy.Beta.mean": {
            "value": 0.001792216,
            "min": 0.001792216,
            "max": 0.00795205,
            "count": 4
        },
        "TowerAgent.Policy.Beta.sum": {
            "value": 0.001792216,
            "min": 0.001792216,
            "max": 0.00795205,
            "count": 4
        }
    },
    "metadata": {
        "timer_format_version": "0.1.0",
        "start_time_seconds": "1732509969",
        "python_version": "3.8.19 (default, Mar 20 2024, 19:55:45) [MSC v.1916 64 bit (AMD64)]",
        "command_line_arguments": "C:\\Users\\kamei\\miniconda3\\envs\\myenv\\Scripts\\mlagents-learn config/ppo_easy.yaml --run-id=easy1 --train --torch-device=cuda --no-graphics",
        "mlagents_version": "0.28.0",
        "mlagents_envs_version": "0.28.0",
        "communication_protocol_version": "1.5.0",
        "pytorch_version": "1.13.1+cu117",
        "numpy_version": "1.21.2",
        "end_time_seconds": "1732510988"
    },
    "total": 1019.0255208000001,
    "count": 1,
    "self": 0.005702500000097643,
    "children": {
        "run_training.setup": {
            "total": 0.05563380000000007,
            "count": 1,
            "self": 0.05563380000000007
        },
        "TrainerController.start_learning": {
            "total": 1018.9641845,
            "count": 1,
            "self": 0.0843027000028087,
            "children": {
                "TrainerController._reset_env": {
                    "total": 12.6179089,
                    "count": 1,
                    "self": 12.6179089
                },
                "TrainerController.advance": {
                    "total": 1006.1850165999972,
                    "count": 5740,
                    "self": 0.06329399999344787,
                    "children": {
                        "env_step": {
                            "total": 1001.2161552000024,
                            "count": 5740,
                            "self": 982.5367808000073,
                            "children": {
                                "SubprocessEnvManager._take_step": {
                                    "total": 18.629819899994523,
                                    "count": 5740,
                                    "self": 0.2212051999964828,
                                    "children": {
                                        "TorchPolicy.evaluate": {
                                            "total": 18.40861469999804,
                                            "count": 5005,
                                            "self": 15.207275400000238,
                                            "children": {
                                                "TorchPolicy.sample_actions": {
                                                    "total": 3.2013392999978016,
                                                    "count": 5005,
                                                    "self": 3.2013392999978016
                                                }
                                            }
                                        }
                                    }
                                },
                                "workers": {
                                    "total": 0.049554500000665413,
                                    "count": 5740,
                                    "self": 0.0,
                                    "children": {
                                        "worker_root": {
                                            "total": 1006.5624835000002,